{
    "providers": [
        {
            "type": "bitmap",
            "file": "minecraft:font/groups/default.png",
            "ascent": 7,
            "height": 8,
            "chars": [
                    "\u0200"
                ]
        },
        {
            "type": "bitmap",
            "file": "minecraft:font/groups/hydra.png",
            "ascent": 7,
            "height": 8,
            "chars": [
                    "\u0201"
                ]
        },
        {
            "type": "bitmap",
            "file": "minecraft:font/groups/cerberus.png",
            "ascent": 7,
            "height": 8,
            "chars": [
                    "\u0202"
                ]
        },
        {
            "type": "bitmap",
            "file": "minecraft:font/groups/triton.png",
            "ascent": 7,
            "height": 8,
            "chars": [
                    "\u0203"
                ]
        },
        {
            "type": "bitmap",
            "file": "minecraft:font/groups/phoenix.png",
            "ascent": 7,
            "height": 8,
            "chars": [
                    "\u0204"
                ]
        },
        {
            "type": "bitmap",
            "file": "minecraft:font/groups/pandar.png",
            "ascent": 7,
            "height": 8,
            "chars": [
                    "\u0205"
                ]
        },
        {
            "type": "bitmap",
            "file": "minecraft:font/groups/heat.png",
            "ascent": 7,
            "height": 8,
            "chars": [
                    "\u0206"
                ]
        },
        {
            "type": "bitmap",
            "file": "minecraft:font/groups/cold.png",
            "ascent": 7,
            "height": 8,
            "chars": [
                    "\u0207"
                ]
        },
        {
            "type": "bitmap",
            "file": "minecraft:font/groups/kronos.png",
            "ascent": 7,
            "height": 8,
            "chars": [
                    "\u0208"
                ]
        },
        {
            "type": "bitmap",
            "file": "minecraft:font/groups/summer.png",
            "ascent": 7,
            "height": 8,
            "chars": [
                    "\u0209"
                ]
        },
        {
            "type": "bitmap",
            "file": "minecraft:font/groups/winter.png",
            "ascent": 7,
            "height": 8,
            "chars": [
                    "\u020A"
                ]
        },
        {
            "type": "bitmap",
            "file": "minecraft:font/groups/phobos.png",
            "ascent": 7,
            "height": 8,
            "chars": [
                    "\u020B"
                ]
        },
        {
            "type": "bitmap",
            "file": "minecraft:font/groups/ares.png",
            "ascent": 7,
            "height": 8,
            "chars": [
                    "\u020C"
                ]
        },
        {
            "type": "bitmap",
            "file": "minecraft:font/groups/aristocrat.png",
            "ascent": 7,
            "height": 8,
            "chars": [
                    "\u020D"
                ]
        },
        {
            "type": "bitmap",
            "file": "minecraft:font/groups/youtuber.png",
            "ascent": 7,
            "height": 8,
            "chars": [
                    "\u020E"
                ]
        },
                {
            "type": "bitmap",
            "file": "minecraft:font/groups/helper.png",
            "ascent": 7,
            "height": 8,
            "chars": [
                    "\u020F"
                ]
        },
                {
            "type": "bitmap",
            "file": "minecraft:font/groups/shelper.png",
            "ascent": 7,
            "height": 8,
            "chars": [
                    "\u0210"
                ]
        },
                {
            "type": "bitmap",
            "file": "minecraft:font/groups/moder.png",
            "ascent": 7,
            "height": 8,
            "chars": [
                    "\u0211"
                ]
        },
                {
            "type": "bitmap",
            "file": "minecraft:font/groups/smoder.png",
            "ascent": 7,
            "height": 8,
            "chars": [
                    "\u0212"
                ]
        },
        {
            "type": "bitmap",
            "file": "minecraft:font/groups/admin.png",
            "ascent": 7,
            "height": 8,
            "chars": [
                    "\u0250"
                ]
        },
        {
            "type": "bitmap",
            "file": "minecraft:font/excl/excl_green.png",
            "ascent": 7,
            "height": 8,
            "chars": [
                    "\u0251"
                ]
        },
        {
            "type": "bitmap",
            "file": "minecraft:font/excl/excl_red.png",
            "ascent": 7,
            "height": 8,
            "chars": [
                    "\u0252"
                ]
        },
        {
            "type": "bitmap",
            "file": "minecraft:font/excl/excl_yellow.png",
            "ascent": 7,
            "height": 8,
            "chars": [
                    "\u0253"
                ]
        },
        {
            "type": "bitmap",
            "file": "minecraft:font/aresmine/logo.png",
            "ascent": 50,
            "height": 120,
            "chars": [
                    "\u0280"
                ]
        },
        {
            "type": "bitmap",
            "file": "minecraft:font/chat/global_chat.png",
            "ascent": 7,
            "height": 8,
            "chars": [
                    "\u0281"
                ]
        },
        {
            "type": "bitmap",
            "file": "minecraft:font/chat/local_chat.png",
            "ascent": 7,
            "height": 8,
            "chars": [
                    "\u0282"
                ]
        },
        {
            "type": "bitmap",
            "file": "minecraft:font/chat/private_chat.png",
            "ascent": 7,
            "height": 8,
            "chars": [
                    "\u0284"
                ]
        },
        {
            "type": "bitmap",
            "file": "minecraft:font/chat/arrow_right.png",
            "ascent": 7,
            "height": 8,
            "chars": [
                    "\u0283"
                ]
        },
        {
            "type": "bitmap",
            "file": "minecraft:font/aresmine/clock.png",
            "ascent": 7,
            "height": 8,
            "chars": [
                    "\u0285"
                ]
        },
        {
            "type": "bitmap",
            "file": "minecraft:font/aresmine/upgrade.png",
            "ascent": 7,
            "height": 8,
            "chars": [
                    "\u0288"
                ]
        },
        {
            "type": "bitmap",
            "file": "minecraft:font/aresmine/task.png",
            "ascent": 7,
            "height": 8,
            "chars": [
                    "\u028A"
                ]
        },
        {
            "type": "bitmap",
            "file": "minecraft:font/aresmine/point_y.png",
            "ascent": 7,
            "height": 8,
            "chars": [
                    "\u028B"
                ]
        },
        {
            "type": "bitmap",
            "file": "minecraft:font/aresmine/pvp_on.png",
            "ascent": 7,
            "height": 8,
            "chars": [
                    "\u028C"
                ]
        },
        {
            "type": "bitmap",
            "file": "minecraft:font/aresmine/mob.png",
            "ascent": 7,
            "height": 8,
            "chars": [
                    "\u028D"
                ]
        },
        {
            "type": "bitmap",
            "file": "minecraft:font/chat/aban.png",
            "ascent": 30,
            "height": 30,
            "chars": [
                    "\u0300"
                ]
        },
        {
            "type": "bitmap",
            "file": "minecraft:font/aresmine/line_2.png",
            "ascent": 9,
            "height": 9,
            "chars": [
                    "\u0254"
                ]
        },
        {
            "type": "bitmap",
            "file": "minecraft:font/aresmine/line_1.png",
            "ascent": 7,
            "height": 9,
            "chars": [
                    "\u0255"
                ]
        },
        {
            "type": "bitmap",
            "file": "minecraft:font/logo_letters/aresmine_a.png",
            "ascent": 8,
            "height": 10,
            "chars": [
                    "\u0256"
                ]
        },
        {
            "type": "bitmap",
            "file": "minecraft:font/logo_letters/aresmine_r.png",
            "ascent": 8,
            "height": 10,
            "chars": [
                    "\u0257"
                ]
        },
        {
            "type": "bitmap",
            "file": "minecraft:font/logo_letters/aresmine_e.png",
            "ascent": 8,
            "height": 10,
            "chars": [
                    "\u0258"
                ]
        },
        {
            "type": "bitmap",
            "file": "minecraft:font/logo_letters/aresmine_s.png",
            "ascent": 8,
            "height": 10,
            "chars": [
                    "\u0259"
                ]
        },
        {
            "type": "bitmap",
            "file": "minecraft:font/logo_letters/aresmine_m.png",
            "ascent": 8,
            "height": 10,
            "chars": [
                    "\u0260"
                ]
        },
        {
            "type": "bitmap",
            "file": "minecraft:font/logo_letters/aresmine_i.png",
            "ascent": 8,
            "height": 10,
            "chars": [
                    "\u0261"
                ]
        },
        {
            "type": "bitmap",
            "file": "minecraft:font/logo_letters/aresmine_n.png",
            "ascent": 8,
            "height": 10,
            "chars": [
                    "\u0262"
                ]
        },
        {
            "type": "bitmap",
            "file": "minecraft:font/logo_letters/aresmine_e2.png",
            "ascent": 8,
            "height": 10,
            "chars": [
                    "\u0263"
                ]
        },
        {
            "type": "bitmap",
            "file": "minecraft:font/ui/pets1.png",
            "ascent": 19,
            "height": 256,
            "chars": [
                    "\u0E06"
                ]
        },
        {"type":"bitmap","file":"minecraft:font/ui/pixel_split.png","ascent":-32768,"height":-10,"chars":["ӻ"]},
        {
            "type": "bitmap",
            "file": "minecraft:font/ui/kit.png",
            "ascent": 19,
            "height": 256,
            "chars": [
                    "\u0E07"
                ]
        }
    ]
}